{"cameraMode":{"drawMode":0,"name":"Shaded","section":"Shading Mode"},"sceneLighting":true,"audioPlay":false,"sceneViewState":{"showFog":true,"showMaterialUpdate":false,"showSkybox":true,"showFlares":true,"showImageEffects":true,"showParticleSystems":true,"showVisualEffectGraphs":true,"m_FxEnabled":true},"in2DMode":false,"pivot":{"x":56.184635162353519,"y":-13.985063552856446,"z":3.1111793518066408},"rotation":{"x":0.016579128801822664,"y":-0.8785797357559204,"z":0.4763379991054535,"w":0.03057890571653843},"size":57.83823013305664,"orthographic":false}